#role,name,username,agency,date,picPath
User,s,s,-,04/10/256501:04:41,profile-user.png
staff,saaccos,saaccos,กองกิจการนิสิต,04/10/2565 10:59:50,2022-10-04_1664855559095.png
User,arty,arty,-,06/10/2565 02:03:31,2022-10-06_1665039658363.jpg
User,arty,arty,ไม่มี,06/10/2565 02:05:12,2022-10-06_1665039658363.jpg
User,arty,arty,ไม่มี,06/10/2565 02:12:24,2022-10-06_1665039658363.jpg
User,arty,arty,ไม่มี,06/10/2565 02:13:54,2022-10-06_1665039658363.jpg
User,arty,arty,ไม่มี,06/10/2565 02:19:00,2022-10-06_1665039658363.jpg
User,arty,arty,ไม่มี,06/10/2565 02:20:17,2022-10-06_1665039658363.jpg
User,arty,arty,ไม่มี,06/10/2565 03:55:37,2022-10-06_1665039658363.jpg
User,arty,arty,ไม่มี,06/10/2565 04:04:51,2022-10-06_1665039658363.jpg
User,arty,arty,ไม่มี,06/10/2565 04:08:05,2022-10-06_1665039658363.jpg
User,arty,arty,ไม่มี,06/10/2565 04:16:22,2022-10-06_1665039658363.jpg
User,arty,arty,ไม่มี,06/10/2565 04:18:56,2022-10-06_1665039658363.jpg
User,arty,arty,ไม่มี,06/10/2565 04:20:01,2022-10-06_1665039658363.jpg
User,arty,arty,ไม่มี,06/10/2565 07:06:17,2022-10-06_1665039658363.jpg
User,arty,arty,ไม่มี,06/10/2565 11:10:47,2022-10-06_1665039658363.jpg
User,neuw,pedpap,ไม่มี,06/10/2565 07:36:12,2022-10-04_1664855847477.png
User,arty,arty,ไม่มี,06/10/2565 07:38:50,2022-10-06_1665039658363.jpg
staff,saac,saac,สำนักบริการคอมพิวเตอร์,06/10/2565 10:53:36,2022-10-06_1665071544628.jpg
staff,saac,saac,สำนักบริการคอมพิวเตอร์,06/10/2565 11:01:07,2022-10-06_1665071544628.jpg
staff,saac,saac,สำนักบริการคอมพิวเตอร์,06/10/2565 11:02:47,2022-10-06_1665071544628.jpg
staff,saac,saacos,สำนักบริการคอมพิวเตอร์,06/10/2565 11:05:11,2022-10-06_1665072275909.jpg
User,arty,arty,ไม่มี,06/10/2565 11:53:00,2022-10-06_1665039658363.jpg
User,arty,arty,ไม่มี,08/10/2022 10:35:38,2022-10-06_1665039658363.jpg
